title,url
Yahoo! JAPAN,https://www.yahoo.co.jp/
JavaScriptの設定を変更する方法はこちら,https://support.yahoo-net.jp/noscript
三菱商事 洋上風力撤退を表明,https://news.yahoo.co.jp/pickup/6550488
米がインドに追加関税発動 計50%,https://news.yahoo.co.jp/pickup/6550484
生きづらさ感じる若者 増加背景は,https://news.yahoo.co.jp/pickup/6550483
伊東市長辞職求め 1万人超の署名,https://news.yahoo.co.jp/pickup/6550481
娘に性的暴行 父親に懲役8年求刑,https://news.yahoo.co.jp/pickup/6550479
駆け込みふるさと納税増 改正前に,https://news.yahoo.co.jp/pickup/6550487
遊び&飲食込み込みのホテル 人気,https://news.yahoo.co.jp/pickup/6550470
ド軍3連勝 大谷は強烈タイムリー,https://news.yahoo.co.jp/pickup/6550485
全カテゴリのトピックス一覧,/topics
三菱商事 洋上風力撤退を表明,https://news.yahoo.co.jp/pickup/6550488
おすすめのヤフコメを見る,/comment-timeline
1ドジャーススポーツ/野球,/comment-timeline?p=%E3%83%89%E3%82%B8%E3%83%A3%E3%83%BC%E3%82%B9
3スマホゲーム経済/経済総合,/comment-timeline?p=%E3%82%B9%E3%83%9E%E3%83%9B%E3%82%B2%E3%83%BC%E3%83%A0
4ネトフリスポーツ/野球,/comment-timeline?p=%E3%83%8D%E3%83%88%E3%83%95%E3%83%AA
5WBCスポーツ/野球,/comment-timeline?p=WBC
6オートロック地域/兵庫,/comment-timeline?p=%E3%82%AA%E3%83%BC%E3%83%88%E3%83%AD%E3%83%83%E3%82%AF
7ダウンタウンエンタメ/エンタメ総合,/comment-timeline?p=%E3%83%80%E3%82%A6%E3%83%B3%E3%82%BF%E3%82%A6%E3%83%B3
8ホームタウン国内/社会,/comment-timeline?p=%E3%83%9B%E3%83%BC%E3%83%A0%E3%82%BF%E3%82%A6%E3%83%B3
12メガソーラー地域/静岡,/comment-timeline?p=%E3%83%A1%E3%82%AC%E3%82%BD%E3%83%BC%E3%83%A9%E3%83%BC
17球速スポーツ/野球,/comment-timeline?p=%E7%90%83%E9%80%9F
19ソシャゲ経済/経済総合,/comment-timeline?p=%E3%82%BD%E3%82%B7%E3%83%A3%E3%82%B2
20JICA国内/社会,/comment-timeline?p=JICA
21無期懲役国内/社会,/comment-timeline?p=%E7%84%A1%E6%9C%9F%E6%87%B2%E5%BD%B9
22メジャースポーツ/野球,/comment-timeline?p=%E3%83%A1%E3%82%B8%E3%83%A3%E3%83%BC
26藤浪スポーツ/野球,/comment-timeline?p=%E8%97%A4%E6%B5%AA
1おなかが繋がった状態で生まれた双子の赤ちゃん。　24年後の姿に「すごい」「素敵」「応援しています」ほ・とせなNEWS8/27(水)9:00,https://news.yahoo.co.jp/articles/00504bb0682e1afc7c214ada93de5a8413d79b01
2ラーメン３袋を調理せず食べたエジプトの１０代の少年…腹痛・嘔吐の症状を訴えて死亡中央日報日本語版8/27(水)8:48,https://news.yahoo.co.jp/articles/f33e1e9090a7736ec538ebf670e69a0c579338c2
3ドジャースが３連勝で単独首位堅守でマジック「２８」　大谷翔平は７戦ぶりの強烈タイムリー＆カーショーが通算２２１勝目スポーツ報知8/27(水)13:35,https://news.yahoo.co.jp/articles/5d7a64ad49199e4c8aec3b699f6e524b14cc2899
"4「子を野放しにして親はゆっくり」飲食も遊びも込み込み「オールインクルーシブ」が人気【THE TIME,】 TBS NEWS DIG Powered by JNN8/27(水)7:01",https://news.yahoo.co.jp/articles/c254490693a0c87b76bd43a417c149eae43ecc21
5「特等席は295万円」大谷翔平をヤジってハイタッチ“洗礼”を受けたパ軍ファンが一部始終を衝撃激白…「投げキスで去っていった」「見たか！ホームランだ！」「ベッツも睨んできた」RONSPO8/27(水)7:14,https://news.yahoo.co.jp/articles/43803d09eb93b531baf0588601325ecffb713666
1「娘を性欲の捌け口にする卑劣な犯行」父親に懲役8年求刑、娘は「刑務所から一生出てこないで」と心情明かす 娘への性的暴行事件FNNプライムオンライン8/27(水)12:46,https://news.yahoo.co.jp/articles/4112d6f517f3db9eb362ebcc0de9b4598765f290
2佐々木朗希は課題の4回投げきれず…3回2/3を3失点で初黒星　復帰後最速159キロも満塁ピンチで降板スポニチアネックス8/27(水)10:19,https://news.yahoo.co.jp/articles/95474b97ee53203342f2c093c0085d423e92c536
3【独自】事件の3日前に“別の20代女性”尾行しオートロックすり抜けか… 神戸24歳女性刺殺事件読売テレビ8/27(水)11:36,https://news.yahoo.co.jp/articles/2e030ef4ea3596a5e305770f8475e452137c843c
動画アクセスランキング,/ranking/access/video
1女性の勤務先近くで約4分間座り込み…男は前日にも徘徊か　女性が搬送された病院の看護師は「顔面蒼白で残酷」 神戸・マンション女性刺殺事件【news23】TBS NEWS DIG Powered by JNN8/27(水)11:355:33,https://news.yahoo.co.jp/articles/fb3398a82302d00ce1ae6b603c39bf918591b066
2神戸女性刺殺　谷本将志容疑者の自宅を家宅捜索　ベッドの枕元には2つの位牌　証拠品などを押収FNNプライムオンライン（フジテレビ系）8/27(水)12:061:21,https://news.yahoo.co.jp/articles/b32c1d7f097f9f24b7224b9f3d6609d33d4329da
3トラック荷台のショベルカーが車高制限バーにぶつかり落ちる　対向車に衝突　フロントガラスが割れるも、けが人なし　横浜市TBS NEWS DIG Powered by JNN8/27(水)13:510:40,https://news.yahoo.co.jp/articles/8270c6366cee36983a95b458bb5095cc1d92451e
雑誌アクセスランキング,/ranking/access/magazine
1《涙の3ショット》船越英一郎「64才で子供誕生＆再婚」泥沼離婚から7年で掴んだ安息の地女性セブンプラス8/27(水)12:09,https://news.yahoo.co.jp/articles/f05276b10f883a03780961bc47db19b5fc8705bc
2市川猿之助　両親が亡くなったリビングをリフォームしていた…生活費も借金の金欠ですがる「超人気マンガの歌舞伎化」女性自身8/27(水)11:00,https://news.yahoo.co.jp/articles/d36455bcf8baed31fc33a40f4f05e5790135f04b
3《謎の40才年下美女が側近に》長渕剛（68）献身妻に「もういい！」別居状態で不穏な私生活女性セブンプラス8/27(水)7:58,https://news.yahoo.co.jp/articles/8080189f4107a97e771da44a197c70bdabe3508d
4「ダウンタウンチャンネル」始動で思い出される「松本人志映画大ゴケ」の黒歴史　業界人は「二の舞になる可能性も…」AERA DIGITAL8/27(水)11:31,https://news.yahoo.co.jp/articles/b4a1fbdceef434c41e0c46a55125593c563818e2
5は、吐きそうだ…志高く「国家公務員」になった月収24万円・23歳男性。入省4ヵ月後、霞が関で目の当たりにした「ヤバすぎる光景」にえずき【元国家公務員が解説】THE GOLD ONLINE（ゴールドオンライン）8/27(水)10:31,https://news.yahoo.co.jp/articles/f2017af45b14ca08ed232a130d174cfddbca2ebd
アプリデータ先読みで、電車でもサクサク,https://news.yahoo.co.jp/promo/app/yjnews/
Facebook共同企画、独自制作コンテンツなどを投稿,https://www.facebook.com/yjnews
X（旧Twitter）リアルタイムでニュースを配信,https://x.com/YahooNewsTopics
news HACKYahoo!ニュースのオウンドメディア,https://news.yahoo.co.jp/newshack/
メディアステートメント,https://www.lycorp.co.jp/ja/company/mediastatement/
